,Date,h5py,pyparsing,phonenumbers,mutagen,pymongo,oauthlib,pydruid,flask-oauthlib,pytrie,voluptuous,girder-client,girder,scandir,f90wrap,qds-sdk,cement,tldextract,wtf-peewee,cloudant,imapclient,flask-seasurf,flask-restful,flask-user,creoleparser,zodburi,sseclient,flask-moment,flask-cors,zodbpickle,dominate,flask-debugtoolbar,msg-extractor,flask-flatpages,textract,census,zconfig,flask-migrate,fenics,petsc,phonopy,monty,mshr,agate,agate-dbf,agate-sql,csvkit,kafkacat,rope,rednose,waybackpack,markovify,jieba,jaraco.logging,jaraco.stream,records,lesscpy,twython,transaction,zodb,zeo,dicttoxml,pyperclip,furl,infinity,intervals,dnspython,langdetect,dotmap,plac,siesta,h5io,python-box,pyiron,pyiron_atomistics,pyiron_base,pyiron_dft,pyiron_example_job,pyiron_lammps,pyiron_vasp,lammps,libsigsegv,ovito,simpletraj,atomsk,astral,python-flint,bcrypt,pysqa,codacy-coverage,libxc,dtool_s3,dtool_http,dtool_cli,dtool_create,dtoolcore,dtool_info,dtool_symlink,dtool_config,dtool,gpaw,catlearn,pylops,scikit-fmm,libssh,cabextract,mscorefonts,cm-unicode,randspg,seekpath,icet,mendeleev,custodian,molmod,pymatgen,yaff,sqsgenerator,sharedarray,scisweeper,pyfileindex,flask-paginate,pymatgen-diffusion,smoqe,pymatgen-db,fireworks,atomate,pyhull,sphinxdft,dscribe,soaplite,schnetpack,libxsmm,fypp,cp2k,pycp2k,tamkin,phonolammps,dynaphopy,owlready2,atomicrex,mdf_forge,mdf_toolbox,matminer,aflow,globus-nexus-client,kivy-garden,clease,pyscal,fair-research-login,edn_format,pyrfc3339,kim-api,proteus,kimpy,openkimmodels,openkim-models,numericalunits,potentials,datamodeldict,atomman,conda-merge,kliff,parsplice,damask,phono3py,wulffpack,dynasor,hiphive,pylammpsmpi,quickff,jupyterlab_latex,gifsicle,pymatnest,fox,jupyterlab-latex,qe,pwtools,temmeta,abipy,periodic-table-plotter,atomicfile,pseudo_dojo,abinit,gpaw-data,atompaw,sphinxdft-data,iprpy,iprpy-data,abinit-data,pyiron-data,pyprocar,pychemia,match-series,scanf,chemics,pystem,py4dstem,rich,lazy-property,wannierberri,povray,sumo,nptyping,mir-flare,typish,vapory,getent,pyiron_contrib,pslibrary,abtem,wannier90,doi2bib,aalto-boss,djangorestframework-queryfields,qmpy,optimade,matid,chronic,pynng,mongogrant,maggma,fitsnap3,tespy,aimsgb,gb-code,maml,amset,orthopy,boltztrap2,quadpy,ndim,grakel,phasepy,matscholar,cexprtk,atsim-potentials,pyocr,castepxbin,bader,pyiron-experimental,pytradfri,mlip,pyiron_experimental,n2p2,jax-md,dm-haiku,google-colab,pyiron_gpl,pyiron_continuum,matscipy,quippy,runner,structdbrest,wquantiles,dmba,asr,robocrys,cite,pdftotext,mongita,rdfpy,imagedataextractor,nomad-lab,otpauth,qrtools,pyauthenticator,ebcdic,euporie,pyiron_gui,smartmontools,yfinance,kanapy,chemprop,typed-argument-parser,lbmpy,pystencils,pystencils-walberla,lbmpy-walberla,p-tqdm,pystencils-autodiff,dtool_overlay,pystencils-reco,dtool_tag,dtool_annotation,alamode,ifermi,meshcut,enumlib,pymatgen-analysis-diffusion,pymatgen-lammps,lammps-interface,pylatte,codeclimate-test-reporter,vasppy,pynauty,apav,codepy,loopy,latte,mail-parser,rfc6555,offlineimap,pyoutlook,dtool_smb,dtool_lookup_server_annotation_filter_plugin,dtool_lookup_server_dependency_graph_plugin,dtool_lookup_server_notification_plugin,flask-pymongo,dtool_ecs,dtool_lookup_server_direct_mongo_plugin,dtool_lookup_server_plugin_scaffolding,dtool_irods,dtool_lookup_server,dtool_lookup_api,dtool_gui_tk,dtool_utils,dtoolai,dtool-lookup-client,dtool_azure,dtool_ibeis,ubelt,utool,chemml,molsimplify,crest,awesomeversion,mt940,fints,sepaxml,homeassistant,voluptuous-serialize,pytube,aiotube,pure-python-adb,tld,adb-shell,pycoingecko,py-find-1st,technical,pandas-ta,search-engine-parser,social-analyzer,tsase,adb,tensor-sensor,batoms-api,batoms,calphy,i-pi,where,itermate,pumml,trainstation,python_version,jraph,jmp,aproc,fortio,sty,precice,pyprecice,fenicsprecice,scienceplots,sum,sssp,linkedin-scraper,linkedin-api,scrypt,number,speechrecognition,uncertainty-toolbox,libecpint,handcalcs,votca,torchmd,jobflow,pyside2,python-binance,waiting,ryvencore,ryvencore-qt,ryven,simplegmail,google-auth,moto,oletools,google-drive,rtfde,msoffcrypto-tool,pcodedmp,aenum,flatlatex,matbench,merge-args,uvicore,pydatamail_google,pydatamail,pymov2gif,pyimapsync,email2pdf2,basisgen,galeodes,pycronserver,python-crontab,timg,astromodels,gromacs,leather,moltemplate,qforce,blueqat,pycolt,ezyrb,quacc,atomate2,turbo-seti,blimpy,alchemlyb,e3nn,nequip,torch-runstats,torch-ema,opt_einsum_fx,pybader,recordtype,mailbits
0,2021/11/26,6689356,16609948,498748,105552,516108,3710148,61488,35478,31469,140395,92536,62629,1167148,125068,70105,78185,118140,14570,86867,33598,67087,98955,49138,7923,38446,50293,30334,581063,128991,78592,48085,45687,19870,13009,48516,40545,152728,386929,528930,1084571,90995,125302,73377,26417,61550,56999,13186,601305,18603,13928,45219,98546,22402,19752,19932,106968,248215,31537,46093,23202,101310,115048,148044,112017,114402,250467,36548,13330,457696,67989,78763,204426,75638,24519,71728,907,904,915,900,550084,8348,60803,50626,29789,19524,65787,1331379,100103,57959,49422,1729,4991,1377,1929,8588,1602,1302,1287,2167,66510,6787,57598,51687,8477,2293,15916,2333,5593,52075,46364,65845,14341,104734,318700,56181,22045,32353,2037,61607,6973,7346,2177,15413,7805,9221,27046,24998,32367,11549,8535,15828,4639,21981,5978,29951,5348,36867,83589,22674,5285,10987,11039,2809,3447,2419,73660,169644,3630,5629,2632,37825,24536,31868,12102,7743,29490,61808,4900,55610,14624,24852,23554,55483,40201,1930,25427,4071,8031,27184,3060,2445,15710,4885,2530,7034,20421,6246,5628,1197,1004,1210,19363,12507,3739,23846,1169,29120,1197,26575,25071,23208,14405,1654,5821,27032,11872,500565,1073,1072,4795,34556,20833,4731,21304,1407,871,8575,1922,1494,2712,745,2392,658,827,10596,1975,625,10261,1411,6202,655,5204,17528,676,2108,3867,2496,12019,4157,1398,13296,25736,650,19707,901,1017,868,1101,1840,845,11568,1305,60300,3176,1531,2035,2531,2097,12919,17915,5305,1687,1139,1208,495,1287,914,12794,2471,465,2095,3947,594,379,2166,798,2477,1587,323,1493,2031,627,867,4104,4304,328,328,357,304,971,302,1281,1253,6085,523,256,472,201,205,181,174,211,181,1305,227,157,159,1155,1108,211,903,139,152,148,159,139,194,153,153,152,163,166,203,152,154,148,152,157,166,1226,1288,218,1666,734,463,111,109,634,1941,190,149,241,95,170,266,104,916,95,125,91,937,1513,106,77,63,65,186,62,60,64,61,77,120,117,119,58,55,34,1590,296,38,17,43136073,,,,,,,,,,,,,,,,,,,,,,,,,,,,,,,,,,,,,,,,,,,,,,,,,,,,,,,,,,,,,,
0,2021/11/27,6689574,16610893,498748,105572,516119,3710690,61488,35478,31469,140396,92536,62629,1167149,125069,70105,78185,118166,14570,86867,33598,67089,98956,49138,7923,38446,50294,30334,581071,128991,78592,48085,45687,19870,13010,48517,40545,152729,386936,528937,1084571,90998,125302,73390,26420,61559,56999,13187,601310,18603,13928,45219,98548,22402,19752,19932,106968,248215,31537,46093,23202,101311,115069,148044,112017,114402,250495,36548,13330,457698,67989,78763,204427,75638,24519,71730,907,904,915,900,550084,8348,60804,50626,29804,19524,65788,1331394,100103,57959,49422,1729,4991,1377,1929,8589,1602,1302,1287,2167,66510,6787,57598,51687,8478,2293,15916,2333,5593,52075,46364,65845,14341,104734,318703,56181,22045,32353,2037,61607,6973,7346,2177,15413,7805,9221,27046,24998,32367,11551,8535,15828,4639,21981,5978,29951,5348,36867,83589,22704,5285,10987,11039,2809,3447,2419,73660,169647,3630,5629,2632,37825,24536,31868,12102,7743,29490,61808,4900,55646,14624,24852,23554,55483,40201,1930,25427,4071,8031,27184,3060,2445,15710,4885,2530,7034,20421,6246,5628,1197,1004,1210,19384,12507,3743,23846,1169,29120,1197,26575,25071,23208,14405,1654,5821,27032,11872,500597,1073,1073,4795,34556,20833,4731,21304,1407,871,8575,1922,1494,2712,745,2392,658,827,10596,1975,625,10261,1411,6202,655,5204,17528,676,2108,3867,2496,12019,4157,1398,13296,25736,650,19707,901,1017,868,1103,1840,845,11568,1305,60300,3176,1531,2036,2531,2097,12919,17915,5305,1687,1139,1208,495,1287,914,12794,2471,465,2095,3947,594,379,2166,798,2477,1587,323,1493,2031,627,867,4104,4306,328,328,357,304,971,302,1281,1253,6113,523,256,472,201,205,181,174,211,181,1305,227,157,159,1155,1110,211,903,139,152,148,159,139,194,153,153,152,163,166,204,152,154,148,152,157,166,1226,1288,218,1666,734,463,111,109,634,1941,190,149,241,95,170,266,104,916,95,125,91,937,1513,106,77,63,65,186,62,60,64,61,77,120,117,119,58,55,34,1590,296,38,17,43138160,,,,,,,,,,,,,,,,,,,,,,,,,,,,,,,,,,,,,,,,,,,,,,,,,,,,,,,,,,,,,,
0,2021/12/01,6710003,16700715,499821,105854,518599,3733544,61578,35539,31519,140840,92656,62721,1168507,125931,70188,78377,119429,14592,87027,33655,67561,99147,49228,7941,38487,50373,30415,582427,129226,79472,48229,45881,19928,13046,48616,40602,153080,388383,530773,1086683,91729,125625,73575,26489,61673,57132,13237,602964,18623,13945,45291,98811,22439,19792,19953,107168,248323,31648,46160,23240,101403,115884,148492,112350,114744,253218,36604,13385,458550,68216,79600,205208,75973,24924,72708,907,906,916,900,553132,8368,61060,50796,29914,19591,66020,1343598,101029,58876,49807,1763,5029,1398,1963,8640,1627,1326,1309,2205,66827,6801,57809,51919,8515,2302,15971,2337,5649,52630,46587,66450,14393,105075,320318,56340,22197,32482,2042,62464,7014,7367,2183,15499,7836,9268,27356,25128,32606,11619,8561,15902,4655,22236,5993,30028,5399,37201,84080,22912,5301,11040,11106,2817,3478,2425,74162,170774,3663,5655,2642,38205,24661,32042,12147,7771,29628,62093,4917,56008,14658,25061,23650,55946,40477,1945,25743,4093,8078,27266,3098,2457,15853,4975,2565,7078,20618,6276,5659,1202,1009,1215,19636,12567,3767,24078,1174,29373,1201,26903,25175,23337,14469,1659,5864,27189,11946,508599,1079,1096,4820,34762,20972,4792,21450,1417,876,8672,1927,1527,2729,753,2421,663,832,10739,1991,629,10325,1429,6326,667,5261,18053,681,2123,3906,2535,12154,4204,1411,13396,25957,655,19905,911,1030,880,1116,1860,876,11840,1322,61078,3232,1553,2082,2555,2131,13059,18359,5337,1697,1148,1216,500,1304,932,13108,2509,470,2115,3984,600,385,2196,816,2517,1616,327,1687,2082,638,885,4236,4421,333,334,365,310,986,307,1303,1275,6579,534,262,486,208,210,186,180,216,187,1376,232,162,164,1184,1158,222,947,145,157,153,164,144,204,159,158,158,169,171,243,157,159,153,157,163,172,1268,1327,230,1720,773,491,117,114,667,2029,195,158,270,100,175,282,110,963,100,132,96,1022,1598,110,82,68,70,212,69,68,71,67,97,131,127,133,64,62,41,1785,328,47,30,43353130,0.0,0.0,0.0,,,,,,,,,,,,,,,,,,,,,,,,,,,,,,,,,,,,,,,,,,,,,,,,,,,,,,,,,,,
0,2021/12/02,6718239,16742451,500249,105902,519568,3745013,61596,35554,31534,141003,92679,62740,1168847,126157,70218,78428,119774,14596,87060,33665,67807,99265,49247,7945,38497,50390,30429,583333,129278,79742,48267,45920,19941,13054,48641,40612,153241,388791,531145,1087180,92023,125680,73630,26513,61709,57167,13248,603559,18631,13950,45305,98867,22445,19799,19961,107262,248349,31736,46173,23248,101442,116367,148672,112492,114891,254197,36636,13398,458719,68269,79786,205757,76036,25031,72992,910,909,919,903,553807,8373,61117,50837,29947,19629,66129,1349553,101241,59053,49919,1769,5037,1402,1970,8651,1633,1331,1314,2212,66904,6804,57854,51972,8524,2304,15990,2338,5663,52798,46630,66642,14404,105135,320763,56365,22239,32516,2043,62665,7023,7371,2184,15516,7842,9277,27401,25175,32675,11634,8568,15917,4658,22295,5996,30031,5408,37298,84183,22977,5305,11050,11119,2819,3483,2428,74282,171206,3669,5661,2645,38296,24686,32078,12156,7778,29684,62261,4981,56206,14672,25098,23670,56076,40533,1947,25833,4097,8088,27270,3111,2459,15881,4983,2576,7100,20657,6284,5664,1203,1010,1216,19710,12594,3775,24130,1175,29433,1202,26974,25206,23362,14482,1660,5875,27269,11960,512421,1082,1099,4825,34806,21035,4801,21525,1419,877,8689,1928,1548,2733,754,2427,664,833,10766,1994,630,10358,1434,6394,669,5270,18219,682,2126,3915,2541,12189,4212,1413,13416,25999,656,19945,913,1032,882,1120,1864,881,11915,1325,61251,3269,1560,2100,2559,2137,13087,18494,5353,1699,1149,1217,501,1307,934,13174,2516,471,2119,3992,601,387,2202,821,2524,1621,328,1700,2093,641,889,4259,4461,334,335,369,311,990,308,1307,1280,6698,536,263,490,209,211,187,181,217,188,1389,233,164,166,1190,1168,224,957,146,158,154,165,145,207,160,159,159,170,172,248,158,160,154,158,164,173,1276,1332,232,1735,782,496,118,115,673,2048,195,161,274,101,176,285,112,973,101,134,97,1041,1615,110,82,69,71,216,70,68,72,68,100,137,132,139,64,63,42,1819,340,48,31,43775159,15.0,15.0,16.0,331863.0,367.0,,,,,,,,,,,,,,,,,,,,,,,,,,,,,,,,,,,,,,,,,,,,,,,,,,,,,,,,,
0,2021/12/13,6765741,16973633,503146,106527,525818,3806561,61858,35728,31651,142324,92989,62988,1171820,127930,70454,78855,123138,14705,87423,33784,71119,99899,49475,7994,38642,50582,30638,586253,130127,81305,48723,46379,20083,13128,48860,40775,154112,392604,536026,1093167,93668,126430,74132,26676,62033,57523,13367,606705,18695,14008,45496,99344,22543,19905,20028,107762,248616,31897,46353,23373,101770,118938,149918,113458,115883,261083,36799,13536,459784,68988,81431,209815,76847,26080,75180,913,914,922,906,562069,8430,61809,51371,30246,19980,66985,1386335,103141,60737,51014,1850,5132,1457,2053,8795,1702,1391,1371,2306,67645,6844,58535,52769,8649,2327,16160,2352,5996,53947,47321,67943,14583,106046,324935,56783,22635,32936,2057,64338,7128,7424,2197,15766,7939,9396,27965,25543,33289,11852,8621,16152,4795,22893,6071,30128,5522,38245,85645,23623,5367,11186,11288,2844,3553,2443,75591,174181,3822,5734,2687,38899,25001,32546,12288,7855,30107,63198,5044,57359,14788,25637,23922,58293,41287,1983,26658,4152,8207,27382,3181,2487,16247,5055,2636,7216,21187,6362,5728,1216,1023,1229,20295,12714,3851,24693,1190,30024,1215,27733,25534,23708,14680,1678,5993,27781,12132,532674,1099,1142,4891,35475,21428,4912,21944,1444,893,8906,1940,1642,2785,768,2490,678,846,11135,2033,643,10544,1477,6821,700,5400,19232,694,2162,4007,2654,12522,4325,1439,13691,26633,669,20425,938,1101,908,1163,1917,978,12286,1364,63115,3451,1624,2213,2614,2236,13525,19164,5441,1725,1175,1267,512,1347,977,14061,2604,483,2196,4112,613,399,2278,849,2621,1689,343,1989,2270,670,934,4635,4783,347,349,394,324,1031,321,1356,1337,7823,565,277,528,223,223,203,193,229,201,1570,246,176,179,1274,1366,252,1093,159,169,168,180,158,234,175,172,174,180,185,364,168,173,169,173,180,185,1545,1460,259,2021,879,565,130,129,780,2349,213,191,417,114,191,322,129,1111,113,149,108,1307,1832,126,108,82,82,277,85,82,86,81,131,157,158,174,77,77,55,2391,443,62,49,44468797,36.0,34.0,39.0,336432.0,372.0,131212.0,34.0,254.0,28.0,138.0,,,,,,,,,,,,,,,,,,,,,,,,,,,,,,,,,,,,,,,,,,,,,,,,,,,,
0,2021/12/24,6808943,17179268,505754,107022,532333,3857084,61994,35828,31696,143890,93133,63092,1174497,128953,70568,79221,126347,14734,87697,33841,73089,100305,49593,8028,38706,50669,30736,589036,130687,82838,48900,46602,20175,13165,49031,40878,154621,394829,538654,1096053,94691,126746,74645,26825,62358,57788,13420,609822,18729,14029,45581,99693,22586,19946,20064,108180,248819,32099,46444,23425,102037,120968,150889,114286,116746,267170,36929,13644,461710,69471,82872,212388,77267,26672,76389,915,915,923,907,566687,8445,62142,51609,30495,20386,67303,1412977,104667,62223,51577,1902,5191,1492,2105,8881,1746,1426,1403,2368,67921,6879,58970,53187,8702,2339,16314,2365,6142,54673,47498,68779,14700,106565,327581,56980,22801,33127,2061,65776,7195,7446,2202,15876,7996,9502,28173,25721,33664,11934,8640,16223,5023,23226,6088,30184,5578,38637,86204,24142,5410,11252,11399,2874,3607,2455,76564,175862,3898,5781,2703,39396,25132,32732,12321,7902,30265,63652,5076,58314,14940,25781,23985,59111,41552,1994,27020,4178,8255,27453,3242,2495,16410,5111,2686,7266,21371,6395,5796,1222,1033,1234,20908,12776,3914,25063,1196,30429,1226,28181,25699,23870,14756,1688,6093,28011,12216,548745,1109,1170,4912,35811,21729,4965,22233,1451,899,9006,1947,1725,2804,778,2554,686,851,11298,2054,653,10616,1499,6998,717,5440,19920,703,2181,4096,2703,12736,4376,1455,13856,26901,675,20882,962,1127,935,1188,1941,1017,12619,1381,64115,3558,1683,2283,2640,2287,13703,19576,5498,1733,1195,1292,525,1360,1010,14551,2669,487,2221,4381,618,405,2311,871,2689,1718,352,2198,2314,696,953,4861,5006,352,354,416,329,1055,328,1390,1374,8964,579,282,545,248,230,212,200,240,206,1669,258,189,185,1314,1417,261,1130,165,179,178,187,167,271,183,180,182,189,194,418,176,182,175,182,189,194,1631,1511,283,2090,967,648,137,138,809,2629,246,233,497,120,198,360,138,1174,117,160,112,1452,1917,137,118,93,94,330,93,88,95,88,143,188,182,210,89,89,61,2559,500,73,55,44923877,41.0,42.0,47.0,340329.0,374.0,131557.0,39.0,307.0,38.0,185.0,7.0,10.0,,,,,,,,,,,,,,,,,,,,,,,,,,,,,,,,,,,,,,,,,,,,,,,,,,
0,2022/01/04,6829102,17264570,507174,107394,535081,3873870,62118,35910,31750,144462,93313,63252,1175219,129750,70691,79583,129346,14766,87998,33887,74515,100546,49717,8058,38752,50763,30847,590205,131026,83719,49056,46919,20310,13186,49203,40937,155092,396336,540774,1098423,95098,126966,74968,26930,62642,57953,13451,611153,18765,14048,45711,99883,22638,20001,20094,108445,248934,32196,46512,23482,102238,121703,151258,114526,116997,270983,36999,13772,462660,69715,83115,213489,77862,27083,77460,916,915,925,908,569581,8457,62466,51831,30707,20687,67566,1418463,105079,62477,52036,1936,5270,1520,2136,8988,1772,1449,1426,2406,68122,6918,59249,53500,8745,2352,16353,2378,6217,54912,47638,69092,14814,106943,329209,57144,22893,33300,2070,66054,7287,7497,2213,15991,8065,9629,28311,25832,33977,12025,8680,16277,5061,23473,6121,30217,5683,39079,86876,24527,5450,11345,11575,2905,3660,2478,77392,176838,3994,5829,2716,39655,25225,32851,12351,7925,30514,64078,5120,59271,14994,25954,24065,60049,41793,2019,27402,4217,8343,27501,3295,2504,16495,5144,2739,7368,21509,6444,5876,1232,1047,1245,21407,12789,3961,25197,1204,30607,1238,28461,25876,24074,14825,1706,6224,28157,12363,555860,1119,1206,4932,36172,22005,5049,22478,1470,907,9181,1951,1794,2817,785,2620,693,858,11493,2072,664,10675,1516,7192,732,5488,20080,709,2199,4180,2748,12932,4426,1471,13963,27146,681,21336,985,1157,958,1215,1965,1075,12790,1400,64719,3630,1708,2335,2667,2329,13822,19853,5531,1744,1212,1304,538,1380,1042,15130,2724,491,2242,4607,627,411,2350,886,2729,1749,356,2345,2351,721,993,5065,5259,357,360,428,335,1075,335,1410,1394,9880,591,287,565,268,237,216,206,252,212,1729,272,199,193,1336,1467,274,1190,172,185,183,192,171,277,188,186,188,195,202,454,181,187,180,187,196,199,1753,1565,303,2176,1060,728,142,144,843,2926,266,257,592,127,204,391,145,1272,120,179,116,1583,2018,146,130,105,106,370,99,92,102,95,153,198,196,218,101,96,66,2742,534,79,67,45131829,48.0,48.0,54.0,342940.0,374.0,131796.0,43.0,342.0,47.0,207.0,27.0,25.0,,,,,,,,,,,,,,,,,,,,,,,,,,,,,,,,,,,,,,,,,,,,,,,,,,
0,2022/01/14,6874572,17483048,509622,107999,541856,3928571,62197,35992,31781,145451,93456,63363,1176932,130251,70766,79881,132733,14790,88191,33951,75674,101065,49788,8086,38780,50815,30940,592654,131231,85696,49224,47077,20371,13210,49336,40976,155588,397709,542634,1099912,95905,127140,75478,27119,62972,58197,13475,615066,18790,14056,45775,100113,22682,20037,20113,108913,249124,32254,46559,23512,102559,124029,152399,115512,117979,277025,37179,13962,463750,69905,83841,214992,78129,27429,78136,916,915,925,908,571069,8467,62664,51931,30873,21059,67720,1448609,105814,63309,52521,1974,5302,1538,2166,9037,1796,1466,1444,2441,68318,6951,59458,53726,8774,2360,16498,2390,6295,55270,47779,69578,14900,107237,331159,57242,22980,33363,2073,66761,7344,7511,2218,16062,8097,9748,28416,25918,34279,12057,8695,16320,5111,23696,6134,30243,5727,39365,87254,24855,5482,11397,11757,2929,3698,2487,78371,177685,4045,5857,2732,39972,25276,32923,12368,7947,30626,64280,5143,59986,15143,26034,24105,60732,41929,2031,27643,4233,8385,27530,3339,2511,16563,5166,2771,7439,21582,6466,5948,1236,1059,1249,21637,12834,3999,25354,1208,30786,1252,28687,25971,24179,14881,1709,6317,28230,12418,572221,1125,1221,4946,36409,22445,5088,22922,1476,913,9249,1954,1871,2822,791,2692,698,863,11616,2085,675,10702,1530,7307,742,5534,20434,713,2214,4285,2779,13112,4464,1488,14090,27305,686,21666,1010,1195,978,1235,1980,1128,12986,1412,65152,3703,1766,2438,2686,2360,13879,20097,5549,1751,1232,1331,551,1394,1071,15450,2756,495,2264,4723,631,414,2369,909,2760,1765,359,2577,2374,744,1024,5210,5355,361,363,447,339,1088,340,1431,1413,10095,601,310,578,349,241,221,209,261,216,1762,285,211,201,1349,1521,281,1214,176,189,189,195,175,303,193,191,194,199,206,481,185,192,186,192,201,204,1977,1592,322,2210,1137,826,146,147,869,3164,281,289,679,132,216,425,151,1301,124,262,119,1652,2081,155,136,116,118,409,105,98,108,99,160,233,229,260,114,101,68,2833,545,83,71,45581797,52.0,53.0,57.0,345824.0,374.0,132003.0,47.0,359.0,52.0,221.0,31.0,29.0,,,,,,,,,,,,,,,,,,,,,,,,,,,,,,,,,,,,,,,,,,,,,,,,,,
0,2022/01/26,6922026,17731989,511560,108708,551734,3988780,62311,36050,31822,146329,93593,63469,1179545,130814,70877,80349,136304,14831,88477,34024,75768,101777,49890,8119,38828,50871,31054,594785,131472,87418,49418,47421,20433,13250,49519,41055,156014,398938,544651,1101978,97440,127370,75965,27269,63294,58450,13540,618871,18820,14077,45860,100313,22728,20081,20144,109365,249276,32327,46630,23570,103211,137187,153216,116180,118659,283320,37363,14185,465546,70050,85958,217018,78663,28292,79863,918,915,925,910,572337,8473,62826,52067,31130,21344,67912,1480371,107591,65034,53165,2045,5377,1580,2226,9139,1846,1508,1482,2512,68564,6991,59642,53988,8810,2375,16653,2403,6469,56226,47892,70747,15039,107454,333569,57425,23132,33445,2080,68402,7437,7546,2261,16287,8158,9911,28513,26095,34797,12093,8732,16351,5151,24086,6158,30334,5801,39824,87730,25356,5513,11470,11970,2961,3743,2499,79586,178986,4137,5904,2754,40406,25349,32989,12390,7991,30714,64485,5187,60945,15232,26102,24153,61505,42091,2055,28037,4266,8465,27632,3402,2529,16631,5188,2810,7503,21674,6547,6028,1244,1071,1257,21947,12937,4063,25848,1214,31284,1265,29315,26112,24461,14946,1752,6422,28480,12531,588741,1133,1255,4958,36568,22890,5182,23365,1491,922,9397,1961,1998,2838,803,2768,710,872,11856,2108,689,10754,1564,7546,764,5637,21330,723,2238,4401,2842,13388,4534,1511,14182,27434,695,22148,1038,1244,1007,1265,2011,1196,13272,1442,65621,3848,1828,2518,2730,2425,13936,20454,5571,1769,1258,1363,565,1419,1108,15988,2821,504,2285,4795,644,423,2418,946,2830,1807,363,2903,2393,784,1059,5337,5454,370,371,458,348,1120,351,1471,1454,10386,618,329,602,414,250,229,217,276,225,1806,299,223,213,1363,1547,298,1244,185,198,200,205,184,339,202,202,206,208,217,542,196,204,195,203,211,213,2096,1627,348,2243,1245,927,155,156,923,3333,299,322,794,140,227,468,163,1341,131,281,127,1697,2122,170,149,131,134,461,115,106,118,108,186,424,258,292,129,111,76,2960,573,93,83,46654049,59.0,61.0,65.0,348958.0,381.0,132216.0,56.0,385.0,64.0,280.0,39.0,38.0,550221.0,24.0,15.0,17.0,8.0,0.0,0.0,,,,,,,,,,,,,,,,,,,,,,,,,,,,,,,,,,,,,,,,,,,
0,2022/02/01,6947770,17858554,512440,108824,556732,4017821,62354,36092,31844,146685,93665,63525,1180219,131242,70962,80518,137959,14843,88594,34088,75812,102102,49926,8129,38843,50902,31114,595978,131569,88495,49545,47599,20463,13258,49583,41077,156278,399640,545744,1103173,97943,127559,76148,27326,63447,58566,13584,620806,18830,14083,45920,100450,22746,20100,20154,109609,249343,32354,46651,23593,103452,148536,153583,116480,118958,286650,37439,14282,466164,70109,86645,217709,78783,28482,80310,919,915,925,911,574161,8479,62974,52101,31242,21432,68046,1493124,107996,65437,53543,2060,5394,1590,2239,9162,1857,1518,1491,2528,68765,7003,59876,54099,8842,2379,16745,2407,6538,56511,48007,71079,15079,107635,334883,57463,23186,33458,2082,68794,7459,7555,2263,16388,8173,9969,28601,26152,34976,12107,8743,16388,5162,24265,6167,30339,5822,39993,88059,25591,5522,11489,12021,2971,3752,2504,80156,179600,4154,5913,2763,40661,25413,33106,12410,8007,30783,64649,5197,61362,15274,26208,24200,61841,42194,2061,28187,4274,8479,27639,3430,2536,16704,5204,2822,7542,21739,6572,6060,1246,1075,1259,22084,12977,4092,25971,1216,31399,1269,29464,26166,24569,14998,1763,6456,28550,12558,597920,1135,1262,4970,36656,23077,5210,23557,1495,924,9428,1965,2043,2842,810,2798,712,874,11927,2114,693,10788,1574,7617,769,5663,21602,725,2244,4449,2857,13466,4553,1530,14246,27549,697,22329,1048,1252,1018,1278,2019,1212,13440,1449,66066,3879,1846,2550,2738,2438,13992,20670,5574,1772,1266,1372,570,1426,1117,16248,2836,506,2296,4845,646,425,2428,970,2850,1816,364,3040,2427,805,1073,5434,5521,372,373,467,350,1130,353,1480,1465,10527,622,334,609,430,251,231,219,280,227,1832,304,226,215,1383,1574,302,1265,188,201,203,207,186,343,204,204,208,210,219,554,197,207,197,205,213,215,2123,1634,355,2277,1278,959,158,158,937,3474,305,334,844,142,233,488,166,1366,133,292,129,1713,2137,174,153,135,139,476,117,107,120,110,191,430,265,299,134,113,79,3054,585,95,85,51734012,61.0,64.0,67.0,350487.0,388.0,132316.0,58.0,400.0,66.0,293.0,42.0,40.0,551337.0,30.0,34.0,35.0,30.0,65.0,19.0,3666383.0,1114510.0,35717.0,9.0,23.0,59.0,96.0,,,,,,,,,,,,,,,,,,,,,,,,,,,,,,,,,,,,
0,2022/02/14,7017392,18190445,515329,109129,572864,4079943,62442,36175,31886,148542,93812,63696,1182745,131900,71046,80974,142126,14864,88877,34267,75929,103013,50024,8160,38900,50946,31255,599083,131804,91138,49720,48074,20538,13296,49822,41126,157011,401340,547886,1106050,99565,127846,76648,27480,63764,58806,13679,626583,18865,14095,45999,100695,22793,20149,20179,110236,249580,32410,46734,23627,103962,190071,154545,117335,119820,296815,37612,14649,468389,70206,88908,220379,79184,29394,81908,922,918,925,911,576785,8483,63125,52171,31438,21752,68316,1522723,109801,67066,54518,2123,5452,1621,2288,9243,1898,1547,1524,2585,69228,7034,60331,54676,8929,2397,17006,2418,6787,57684,48265,72302,15229,107990,337777,57613,23310,33511,2086,70456,7546,7585,2268,16502,8302,10135,28737,26300,35283,12136,8771,16419,5188,24652,6199,30436,5874,40224,88618,26025,5550,11557,12200,2999,3794,2511,81808,180835,4229,5957,2804,41140,25455,33261,12420,8035,30925,64896,5238,62243,15413,26373,24223,62908,42318,2073,28392,4332,8546,27755,3487,2557,16744,5221,2861,7591,21805,6614,6137,1252,1087,1264,22425,13120,4145,26546,1223,32005,1284,30097,26280,24704,15045,1792,6549,28648,12644,623427,1142,1279,4977,36801,23719,5286,24182,1504,931,9537,1967,2152,2846,830,2861,720,882,12161,2133,704,10910,1602,7831,784,5709,22519,733,2265,4551,2914,13772,4622,1579,14348,27711,703,22764,1071,1313,1044,1308,2047,1295,13752,1469,66586,3991,1954,2633,2765,2487,14038,21027,5586,1779,1286,1390,582,1443,1148,16634,2890,511,2321,4925,683,432,2468,1007,2922,1850,367,3445,2485,857,1113,5603,5634,378,378,485,357,1152,359,1507,1495,10836,638,350,625,490,258,238,226,290,232,1875,317,237,223,1406,1616,311,1291,195,209,211,215,193,370,211,212,216,217,229,602,207,215,205,213,221,222,2195,1660,376,2428,1364,1069,166,166,971,3934,334,367,971,149,244,533,178,1397,136,317,132,1767,2183,191,162,146,151,522,125,112,128,117,222,457,285,380,148,120,84,3189,604,124,97,52578056,66.0,73.0,73.0,354560.0,398.0,132513.0,63.0,429.0,76.0,326.0,47.0,48.0,553761.0,43.0,40.0,43.0,39.0,87.0,26.0,3719735.0,1123475.0,35952.0,25.0,96.0,105.0,304.0,89500.0,23.0,24.0,22.0,17.0,19.0,23.0,11.0,20.0,1.0,,,,,,,,,,,,,,,,,,,,,,,,,,
0,2022/02/27,7101669,18586723,520078,109455,580218,4165446,62518,36255,31924,150756,93985,63823,1185837,132699,71121,81507,146196,14888,89183,34373,76091,104083,50108,8193,38936,51011,31545,602508,132065,94167,49951,48455,20591,13347,50006,41174,157812,403790,551958,1108788,101415,128230,77273,27655,64120,59071,13793,633224,18890,14109,46105,101060,22830,20188,20202,110916,249766,32476,46793,23648,104520,251777,156280,119018,121487,305588,37917,14973,470993,70410,91481,224559,79489,29898,83262,923,918,925,912,580334,8500,63388,52314,31672,22303,68591,1565808,111465,68748,55527,2181,5503,1655,2330,9317,1932,1578,1555,2634,70056,7076,60826,55106,9013,2413,17382,2436,6894,58755,48512,73380,15392,108400,340734,57747,23505,33629,2088,72050,7622,7607,2272,16602,8384,10298,28877,26498,35605,12191,8789,16504,5235,25079,6217,30468,5952,40499,89135,26517,5584,11629,12391,3027,3831,2532,83551,182144,4295,5995,2825,41749,25532,33452,12447,8075,31122,65173,5306,63166,15643,26588,24293,63975,42571,2082,28642,4376,8586,27793,3547,2575,16842,5248,2897,7724,21953,6635,6222,1258,1102,1269,22790,13321,4204,26882,1229,32363,1301,30502,26369,24829,15114,1801,6676,28791,12704,649611,1148,1299,4997,36992,24417,5364,24886,1510,939,9625,1970,2312,2859,846,2942,728,886,12344,2153,718,11003,1627,8095,802,5739,23340,740,2286,4667,2968,14044,4658,1609,14477,27861,710,23191,1099,1348,1082,1339,2064,1337,14183,1482,67379,4085,2060,2760,2781,2520,14201,21550,5611,1785,1318,1423,597,1455,1191,16988,2949,516,2342,5016,690,435,2492,1044,2981,1888,370,3855,2553,923,1151,5771,5743,381,385,504,361,1175,363,1541,1522,11181,652,365,638,547,262,248,230,303,235,1927,331,254,230,1443,1680,317,1331,200,214,217,222,217,390,223,219,224,226,240,656,214,223,212,220,228,230,2639,1698,473,2542,1487,1225,175,199,993,4375,355,451,1135,156,313,575,196,1443,139,362,135,2311,2250,205,169,161,168,583,134,117,137,124,236,467,296,408,165,128,93,3377,658,143,113,53496160,70.0,83.0,83.0,359180.0,401.0,132875.0,67.0,478.0,85.0,374.0,52.0,55.0,557537.0,60.0,48.0,49.0,63.0,95.0,30.0,3789936.0,1132804.0,36102.0,36.0,142.0,143.0,402.0,90250.0,34.0,34.0,32.0,25.0,368.0,435.0,30.0,294.0,80.0,42.0,120.0,26.0,,,,,,,,,,,,,,,,,,,,,,,
0,2022/03/04,7128679,18713186,521550,109600,582429,4192907,62549,36288,31936,151367,94026,63861,1186679,133126,71143,81734,147694,14898,89338,34414,76132,104433,50147,8208,38949,51023,31591,603810,132141,94995,50011,48537,20615,13365,50093,41184,158052,404642,553145,1109719,102086,128422,77573,27720,64264,59206,13831,635698,18894,14113,46140,101192,22841,20200,20208,111159,249834,32487,46809,23651,104804,264960,157124,119798,122249,308942,38034,15096,472108,70499,92216,225495,79593,30103,83719,923,918,925,912,581854,8509,63532,52363,31803,22397,68682,1579179,111984,69241,55823,2203,5523,1664,2351,9348,1945,1593,1567,2655,70269,7085,60923,55220,9042,2423,17479,2444,6945,59113,48598,73712,15425,108571,341797,57806,23573,33675,2088,72556,7641,7614,2272,16634,8412,10340,28924,26564,35757,12218,8789,16549,5242,25320,6221,30502,5968,40649,89330,26781,5592,11647,12434,3037,3842,2536,84488,182650,4317,6013,2900,41985,25548,33543,12454,8094,31162,65269,5323,63679,15701,26735,24298,64501,42676,2082,28778,4384,8598,27827,3566,2578,16846,5263,2911,7742,21972,6654,6250,1258,1105,1270,22922,13368,4237,27047,1230,32538,1306,30681,26399,24880,15166,1822,6702,28866,12723,656792,1151,1301,4999,37055,24573,5377,25026,1510,941,9657,1972,2353,2862,849,2965,731,887,12388,2157,721,11025,1633,8144,807,5739,23649,742,2290,4704,2979,14193,4674,1619,14507,27930,712,23432,1107,1360,1088,1358,2069,1347,14354,1492,67829,4101,2086,2807,2799,2536,14265,21727,5627,1791,1327,1435,602,1456,1200,17114,2961,517,2347,5048,692,436,2501,1060,3005,1898,371,3959,2574,936,1156,5827,5780,382,386,506,362,1184,364,1553,1532,11325,654,368,646,560,263,249,231,305,235,1944,336,257,232,1457,1700,317,1352,201,217,219,226,225,397,226,222,227,228,242,671,216,226,216,222,231,232,2705,1710,493,2578,1552,1265,177,206,997,4494,360,463,1236,158,313,589,200,1458,139,362,135,2370,2270,210,170,164,171,596,135,118,138,126,238,471,301,414,169,130,93,3444,668,148,118,53787630,70.0,84.0,85.0,360551.0,401.0,132979.0,68.0,496.0,87.0,384.0,52.0,56.0,558632.0,63.0,48.0,49.0,67.0,104.0,30.0,3814783.0,1135775.0,36141.0,37.0,154.0,156.0,415.0,90529.0,36.0,36.0,33.0,25.0,424.0,542.0,31.0,310.0,84.0,47.0,126.0,29.0,,,,,,,,,,,,,,,,,,,,,,,
0,2022/03/11,7166454,18908843,523814,109772,585445,4234041,62609,36344,31962,152306,94143,63950,1187763,133845,71215,82060,149935,14909,89525,34463,76177,104945,50209,8222,38964,51066,31687,605901,132226,96282,50161,48653,20656,13389,50221,41199,158564,406056,555537,1111411,102710,128740,78013,27855,64505,59416,13891,639048,18908,14114,46213,101375,22861,20218,20222,111482,249934,32518,46834,23656,105113,298778,158299,120875,123342,313471,38142,15296,474923,70678,92893,226604,79721,30402,84228,923,918,926,913,584839,8527,63844,52484,31994,22552,68924,1593420,112465,69649,56480,2231,5533,1674,2359,9364,1951,1598,1573,2664,70754,7102,61200,55487,9114,2436,17761,2448,7007,59409,48852,73967,15458,108874,343585,57870,23649,33760,2090,72981,7666,7623,2274,16728,8436,10413,29055,26656,36133,12257,8795,16613,5253,25635,6225,30527,5985,40982,89819,27171,5605,11667,12488,3059,3855,2542,86031,183394,4337,6020,2983,42335,25631,33693,12485,8122,31289,65557,5334,64314,15787,26939,24366,65023,42899,2082,29086,4394,8618,27852,3606,2589,16929,5293,2923,7809,22119,6670,6289,1259,1111,1272,23153,13399,4293,27232,1232,32724,1314,30917,26500,25014,15236,1833,6730,29023,12744,671247,1152,1307,5021,37120,24805,5395,25277,1511,942,9692,1977,2416,2863,854,3006,734,890,12442,2161,724,11105,1641,8244,810,5747,23873,743,2293,4760,2993,14396,4691,1629,14610,28097,714,23777,1120,1385,1101,1380,2074,1364,14569,1496,68540,4123,2111,2888,2806,2565,14376,22053,5649,1791,1336,1459,610,1458,1210,17362,2973,517,2360,5147,695,437,2508,1076,3056,1909,376,4226,2624,954,1174,5963,5872,384,387,513,364,1190,365,1558,1536,11503,656,375,663,580,265,250,232,308,237,1994,342,259,233,1485,1745,318,1390,203,219,220,229,257,402,228,223,228,231,244,680,217,227,217,224,233,233,2767,1720,509,2657,1624,1322,178,210,1000,4887,369,490,1352,160,314,610,203,1489,140,371,135,2506,2279,217,172,169,179,617,136,119,140,127,241,473,305,426,177,132,94,3584,684,154,123,54285869,71.0,85.0,87.0,363832.0,404.0,133170.0,70.0,531.0,89.0,396.0,54.0,59.0,560418.0,71.0,53.0,52.0,73.0,108.0,32.0,3846757.0,1140211.0,36208.0,41.0,170.0,168.0,469.0,90908.0,42.0,38.0,37.0,27.0,506.0,633.0,34.0,371.0,92.0,53.0,130.0,32.0,48355.0,15.0,100.0,,,,,,,,,,,,,,,,,,,,
0,2022/03/18,7206855,19124686,526249,110001,589236,4280645,62688,36392,32001,153387,94243,64048,1189217,134262,71274,82365,152478,14936,89695,34519,76249,105631,50278,8236,39044,51144,31827,607876,132485,97336,50272,48820,20701,13439,50337,41260,158994,406880,558975,1113135,103553,128964,78417,27973,64736,59577,13957,642626,18936,14135,46278,101580,22894,20257,20252,111854,250074,32580,46930,23689,105466,334150,159344,121842,124323,318009,38282,15537,476890,70937,93837,228153,80035,30855,85060,923,921,928,913,586724,8542,64159,52626,32157,22699,69111,1609019,113197,70304,57016,2276,5581,1699,2388,9420,1980,1624,1605,2712,71104,7128,61404,55711,9192,2444,18028,2458,7094,59938,49011,74414,15544,109127,345152,58021,24050,33879,2096,73664,7720,7651,2280,16785,8504,10499,29142,26849,36288,12303,8824,16694,5282,25836,6241,30591,6039,41103,90172,27472,5640,11718,12607,3086,3890,2553,86887,184270,4388,6059,3000,42667,25757,33781,12533,8164,31388,65733,5367,64879,15987,27058,24422,65520,43076,2097,29196,4429,8654,27921,3647,2604,16998,5309,2942,7869,22224,6702,6337,1265,1119,1278,23367,13461,4339,27482,1237,32989,1323,31289,26597,25122,15315,1839,6801,29115,12817,688580,1160,1329,5044,37318,25080,5439,25556,1519,945,9779,1983,2474,2886,860,3038,740,897,12578,2172,729,11153,1658,8418,822,5805,24249,747,2309,4811,3025,14692,4726,1645,14706,28240,717,24017,1135,1411,1120,1399,2088,1414,14786,1508,69055,4192,2149,2990,2825,2605,14445,22298,5691,1805,1352,1492,620,1471,1227,17585,3002,521,2377,5205,705,444,2539,1095,3152,1939,378,4620,2647,981,1201,6029,5949,386,392,520,371,1211,370,1587,1557,11688,666,386,675,612,267,257,235,315,243,2029,350,265,239,1515,1771,326,1410,206,224,224,236,288,413,235,228,234,237,250,714,221,232,227,230,241,240,2887,1750,537,2702,1664,1392,180,225,1026,5175,384,518,1446,166,320,632,213,1517,147,415,141,2580,2322,225,178,176,185,646,141,121,145,130,250,479,312,440,186,140,102,3662,700,163,140,54776481,78.0,87.0,93.0,366767.0,405.0,133380.0,75.0,549.0,93.0,426.0,57.0,62.0,562159.0,86.0,59.0,55.0,87.0,125.0,36.0,3882071.0,1144674.0,36293.0,49.0,192.0,178.0,496.0,91255.0,50.0,44.0,40.0,32.0,635.0,795.0,39.0,491.0,101.0,63.0,140.0,35.0,48546.0,24.0,194.0,239.0,,,,,,,,,,,,,,,,,,,
0,2022/03/28,7267541,19411914,529464,110318,595578,4340936,62806,36449,32059,154726,94474,64229,1190812,134808,71363,82740,156103,14960,90002,34644,76359,106478,50415,8275,39089,51224,31976,610781,132664,98683,50413,49212,20794,13502,50529,41302,159658,408401,562778,1115506,104709,129255,78968,28135,65074,59930,14031,648941,18967,14147,46382,101933,22962,20324,20276,112636,250309,32653,47022,23735,105948,356480,160935,123228,125711,324280,38608,15890,481434,71190,94837,230699,80501,31520,86160,923,922,928,913,589619,8558,64526,52718,32418,22974,69376,1627792,113830,70851,57773,2429,5668,1753,2466,9580,2044,1676,1656,2841,71495,7172,61777,56359,9351,2458,18336,2476,7207,60443,49155,74959,15738,109470,348007,58100,24332,33972,2101,74202,7839,7695,2284,16967,8619,10685,29304,26991,36590,12344,8850,16774,5368,26184,6260,30611,6133,41408,91066,28059,5680,11820,12824,3125,3948,2575,88189,185406,4504,6128,3031,43126,25897,33925,12574,8224,31565,66097,5432,65935,16107,27350,24502,66519,43306,2114,29432,4490,8717,27957,3758,2618,17103,5332,3010,7930,22357,6744,6448,1273,1134,1286,23793,13524,4429,27716,1246,33279,1341,31684,26800,25313,15403,1861,6928,29300,12905,709467,1178,1356,5069,37576,25527,5538,26047,1528,959,9909,2004,2633,2898,878,3136,750,902,12841,2206,744,11232,1688,8750,852,5858,24595,761,2338,4948,3095,15263,4795,1684,14816,28489,726,24357,1171,1468,1158,1451,2116,1506,15036,1530,69769,4336,2203,3276,2854,2671,14544,22624,5724,1815,1367,1538,637,1486,1274,18038,3067,525,2407,5312,712,453,2580,1153,3440,1979,381,5074,2692,1042,1237,6194,6111,392,400,535,379,1250,376,1630,1604,12138,692,404,685,659,274,265,242,328,247,2085,367,286,258,1547,1832,335,1454,215,237,234,250,346,439,248,242,249,250,262,790,231,245,242,240,252,256,3014,1778,601,2780,1743,1532,189,253,1060,5628,404,583,1742,173,326,679,234,1578,151,450,145,2747,2364,243,185,193,202,710,153,128,157,139,266,492,327,462,204,160,110,3850,737,187,158,55454036,85.0,101.0,103.0,370559.0,407.0,133660.0,81.0,582.0,114.0,457.0,62.0,76.0,564973.0,123.0,68.0,61.0,97.0,142.0,42.0,3930753.0,1150357.0,36448.0,62.0,233.0,220.0,577.0,91855.0,72.0,55.0,50.0,38.0,833.0,1030.0,46.0,667.0,123.0,81.0,170.0,42.0,48819.0,38.0,406.0,762.0,33573.0,316.0,,,,,,,,,,,,,,,,,
0,2022/04/01,7300402,19554453,530938,110488,598530,4374418,62827,36464,32070,155674,94524,64274,1191399,135228,71380,82893,157467,14968,90104,34691,76403,106906,50447,8281,39106,51247,32022,612483,132706,99559,50509,49356,20824,13532,50591,41316,159866,409390,563645,1115747,105182,129398,79246,28200,65228,60017,14064,652260,18972,14151,46405,102134,22976,20339,20285,113006,250376,32682,47037,23757,106208,360830,161608,123812,126306,326976,38824,15995,483248,71198,95264,231929,80649,31748,86572,923,924,928,913,590422,8562,64598,52726,32603,23073,69407,1638933,114063,71046,58062,2453,5684,1763,2479,9610,2055,1683,1665,2859,71648,7183,61828,56475,9401,2464,18520,2482,7232,60586,49205,75156,15776,109482,348730,58118,24757,33983,2104,74400,7873,7702,2288,16983,8651,10744,29335,27006,36808,12350,8865,16794,5377,26365,6263,30618,6165,41593,91171,28571,5692,11843,12899,3134,3963,2583,88686,185556,4526,6139,3054,43369,25900,33963,12574,8230,31589,66207,5484,66782,16168,27422,24502,66777,43323,2120,29597,4506,8734,27968,3819,2632,17108,5350,3042,7936,22362,6767,6483,1276,1139,1289,24119,13548,4482,27767,1248,33339,1344,31784,26836,25324,15410,1870,6966,29311,12938,720823,1181,1370,5071,37584,25767,5564,26291,1531,961,9952,2025,2697,2898,882,3166,753,905,12926,2212,749,11243,1696,8842,857,5889,24699,764,2343,4984,3118,15676,4819,1698,14837,28501,729,24491,1181,1493,1169,1503,2128,1537,15170,1536,69915,4397,2230,3376,2863,2693,14549,22765,5724,1820,1374,1553,642,1493,1288,18167,3085,527,2412,5337,715,457,2595,1178,3484,1991,381,5236,2707,1064,1254,6230,6137,394,403,544,382,1257,378,1639,1613,12633,698,412,693,686,278,269,245,333,252,2090,372,296,267,1552,1842,341,1459,219,241,237,253,360,449,250,246,251,254,266,810,234,248,245,243,255,260,3061,1788,624,2787,1782,1588,191,258,1084,5780,415,613,1871,176,329,697,244,1589,154,461,148,2805,2382,251,193,200,209,732,156,132,164,143,274,498,333,478,209,166,114,3883,744,194,170,55767549,88.0,103.0,106.0,372267.0,407.0,133731.0,85.0,596.0,121.0,465.0,64.0,98.0,566399.0,136.0,72.0,64.0,104.0,145.0,46.0,3955158.0,1154236.0,36501.0,89.0,266.0,240.0,618.0,93353.0,77.0,58.0,54.0,39.0,917.0,1138.0,50.0,741.0,130.0,88.0,177.0,46.0,48937.0,44.0,588.0,997.0,33728.0,338.0,,,,,,,,,,,,,,,,,
0,2022/04/11,7372267,19872336,533650,110788,603808,4437998,62877,36499,32093,157458,94666,64398,1193710,135908,71428,83171,161152,14990,90297,34810,76655,107751,50519,8302,39139,51287,32188,615410,133085,100662,50629,49613,20865,13597,50709,41365,160368,411164,569472,1117484,106412,129637,79685,28329,65462,60268,14138,660071,18995,14164,46456,102623,23005,20365,20307,113872,250540,32728,47080,23791,106744,368822,162914,124907,127396,333385,39106,16379,486585,71438,96619,234117,80891,32248,87326,923,924,928,913,592809,8578,64830,52821,32949,23242,69623,1662233,114560,71515,58583,2505,5723,1783,2509,9664,2083,1704,1688,2902,71983,7205,61987,56766,9555,2476,18969,2496,7358,61107,49357,75741,15871,109653,350611,58226,25159,34095,2108,74840,7929,7720,2293,17047,8715,10829,29414,27115,37093,12388,8889,16861,5397,26663,6274,30655,6210,41811,91456,29491,5709,11881,13047,3152,3990,2598,90298,186233,4572,6172,3105,43985,26000,34085,12610,8267,31863,66456,5538,68632,16373,27594,24542,67090,43517,2131,29788,4525,8766,28011,3909,2643,17174,5383,3077,8007,22456,6803,6549,1278,1146,1293,24647,13608,4582,28001,1252,33585,1355,32089,26957,25414,15476,1885,7021,29436,12991,754399,1188,1386,5094,37836,26287,5600,26781,1540,966,10015,2029,2784,2922,906,3213,759,908,13040,2223,755,11359,1714,8997,871,5937,25010,770,2357,5048,3170,15983,4864,1735,14910,28603,733,24812,1196,1543,1207,1591,2144,1575,15519,1547,70475,4466,2294,3774,2883,2724,14614,23138,5759,1828,1394,1591,652,1505,1309,18396,3112,531,2425,5382,732,461,2615,1231,3580,2014,385,5538,2746,1095,1309,6336,6216,398,407,568,386,1270,382,1659,1634,13433,707,419,706,762,283,274,249,340,258,2126,379,321,292,1583,1870,348,1485,223,247,243,258,384,464,256,252,257,260,272,842,240,254,250,249,261,265,3190,1822,651,2836,1854,1697,195,269,1111,6014,433,679,2040,180,339,719,262,1617,158,501,151,2886,2444,265,199,206,216,757,160,136,168,145,283,503,338,519,216,173,119,3979,763,206,194,56457677,91.0,106.0,109.0,375744.0,407.0,133978.0,89.0,622.0,125.0,496.0,68.0,117.0,569628.0,217.0,77.0,69.0,112.0,149.0,50.0,4007039.0,1161646.0,36609.0,103.0,323.0,289.0,679.0,96367.0,84.0,62.0,57.0,42.0,1185.0,1503.0,55.0,930.0,144.0,95.0,190.0,50.0,49184.0,49.0,994.0,1567.0,33996.0,511.0,,,,,,,,,,,,,,,,,
0,2022/04/18,7438838,20164330,535823,111153,609130,4500027,62922,36509,32112,158903,94734,64451,1196298,136478,71472,83332,164420,15024,90371,34884,76766,108637,50544,8309,39157,51332,32269,617947,133367,101682,50667,49788,20881,13638,50769,41398,160828,412274,572599,1119027,107749,129920,79945,28419,65595,60435,14209,667226,19016,14173,46504,103290,23022,20383,20324,114560,250674,32776,47108,23814,107240,376772,163899,125700,128186,339280,39322,16620,490173,71673,97860,236180,81089,32755,88255,923,924,928,913,594172,8594,65156,53120,33189,23372,69966,1684981,115270,72133,59611,2531,5741,1799,2529,9696,2099,1716,1700,2923,72306,7214,62147,57353,9724,2483,19387,2500,7538,61769,49513,76545,15921,110187,352451,58276,25315,34439,2111,75510,7969,7735,2299,17085,8746,10864,29832,27265,37230,12411,8906,16935,5426,26795,6284,30690,6244,41830,92078,30178,5726,11915,13172,3163,4008,2611,90801,187089,4638,6185,3118,44432,26099,34147,12646,8305,32164,66625,5572,69932,16544,27675,24574,67511,43658,2140,30026,4542,8796,28046,3984,2668,17221,5402,3104,8072,22531,6849,6584,1281,1148,1296,25087,13696,4647,28330,1289,33941,1359,32516,27025,25500,15572,1920,7049,29549,13025,786252,1193,1409,5116,38110,26934,5629,27431,1550,969,10068,2034,2839,2937,966,3238,762,911,13136,2232,760,11523,1732,9242,878,5978,25544,773,2367,5074,3202,16261,4897,1753,14977,28692,735,25318,1202,1619,1217,1665,2156,1639,15805,1554,70943,4511,2329,4144,2897,2751,14660,23461,5789,1834,1424,1613,655,1514,1317,18965,3133,534,2436,5657,735,465,2628,1263,3628,2031,425,5863,2940,1115,1339,6388,6270,401,410,588,389,1281,385,1672,1648,14164,713,426,713,815,288,278,251,343,261,2386,382,329,299,1608,2180,374,1730,226,250,245,260,396,492,259,255,259,263,274,858,242,257,252,251,264,268,3462,2067,663,2875,1894,1749,197,276,1132,6394,461,736,2104,187,343,731,271,1970,161,541,155,2965,2448,272,204,210,220,776,163,142,172,148,296,508,342,545,220,179,124,4048,776,213,212,57097811,94.0,110.0,111.0,379257.0,407.0,134207.0,91.0,895.0,134.0,577.0,72.0,126.0,572105.0,273.0,83.0,73.0,120.0,164.0,53.0,4054983.0,1167266.0,36680.0,110.0,355.0,318.0,714.0,99147.0,87.0,68.0,61.0,47.0,1352.0,1714.0,59.0,1072.0,150.0,99.0,197.0,54.0,49457.0,54.0,1300.0,1944.0,34203.0,777.0,,,,,,,,,,,,,,,,,
0,2022/04/25,7498568,20428430,538167,111694,614395,4571046,63043,36579,32182,160551,94923,64602,1198288,137219,71605,83717,167321,15071,90614,34991,77096,109608,50634,8334,39225,51434,32405,620359,134233,102720,50819,50060,20953,13701,50944,41474,161405,414198,577004,1122330,108639,130299,80377,28562,65828,60741,14294,673068,19057,14200,46596,104008,23068,20430,20362,115166,250871,32842,47201,23864,107748,383499,164684,126306,128805,344426,39597,16891,493428,72070,98564,238107,81333,33228,88915,923,924,928,913,597782,8618,65640,53419,33468,23514,70420,1705808,115689,72460,60805,2576,5775,1819,2558,9750,2124,1736,1720,2962,72775,7229,62687,58083,9887,2496,19683,2508,7676,62135,49817,76958,15990,110783,355908,58479,25660,34724,2115,75841,8033,7757,2307,17293,8802,10910,30167,27417,37598,12514,8929,17055,5555,27145,6298,30728,6292,42219,93041,30889,5752,11965,13300,3180,4043,2633,92854,188478,4697,6208,3142,44816,26242,34373,12703,8351,32393,67251,5600,71433,16706,27946,24665,68018,44346,2152,30459,4567,8835,28081,4043,2691,17364,5435,3136,8167,22718,6879,6623,1285,1153,1301,26708,13738,4725,28538,1300,34175,1363,32805,27175,25782,15684,1929,7094,29816,13081,809005,1197,1424,5146,38612,27522,5668,28017,1558,974,10138,2040,2875,2961,994,3263,766,915,13262,2244,765,11691,1749,9500,890,6026,25771,778,2378,5107,3243,16619,4940,1772,15164,29069,739,25898,1210,1665,1231,1737,2172,1707,16016,1569,71556,4591,2398,4542,2913,2785,14833,23779,5843,1841,1468,1673,659,1525,1332,19637,3165,542,2467,5795,739,469,2651,1300,3687,2053,439,6135,3105,1142,1371,6631,6519,405,413,621,393,1296,389,1691,1667,14862,723,435,725,863,293,284,255,353,269,2514,386,346,310,1649,2418,382,1834,230,255,250,265,416,506,264,260,264,268,279,887,247,262,257,256,269,273,3720,2170,682,2985,1984,1796,201,286,1159,6999,481,802,2173,191,348,745,333,2130,165,588,159,3227,2557,278,212,215,227,797,168,146,179,152,306,516,349,591,224,184,139,4246,818,221,231,57710493,98.0,113.0,115.0,382294.0,407.0,134619.0,95.0,981.0,142.0,626.0,76.0,133.0,575084.0,314.0,87.0,77.0,128.0,168.0,57.0,4098722.0,1173079.0,36797.0,120.0,393.0,348.0,801.0,101448.0,92.0,72.0,65.0,51.0,1487.0,1888.0,62.0,1192.0,158.0,104.0,206.0,57.0,49657.0,59.0,1552.0,2287.0,34514.0,905.0,,,,,,,,,,,,,,,,,
0,2022/04/29,7549485,20631793,540194,112114,619149,4610377,63043,36605,32185,161918,94995,64658,1199991,137742,71638,83920,170031,15078,90711,35040,77238,110470,50667,8341,39228,51457,32490,622480,134272,103745,50882,50157,20977,13739,51037,41481,161758,415117,578807,1122823,109490,130415,80665,28630,65958,60901,14321,677348,19060,14215,46635,104513,23075,20437,20366,115654,250953,32855,47206,23875,108094,389132,165586,127064,129578,349235,39897,17128,496944,72103,99263,239440,81405,33467,89419,923,924,928,913,598495,8619,65669,53444,33675,23590,70492,1727786,116088,72826,61134,2587,5783,1823,2564,9762,2130,1740,1725,2972,72934,7234,62718,58208,9954,2504,20008,2510,7765,62466,49862,77423,16009,110827,356976,58504,25704,34786,2116,76213,8052,7768,2311,17296,8843,10922,30190,27482,37774,12514,8936,17077,5562,27311,6302,30755,6305,42381,93120,31530,5764,11983,13387,3186,4054,2641,93733,188814,4714,6213,3148,45290,26242,34393,12703,8361,32435,67257,5608,72726,16895,28048,24665,68634,44406,2155,30639,4575,8846,28110,4076,2699,17364,5452,3152,8177,22719,6937,6641,1286,1154,1302,27026,13804,4782,28721,1306,34356,1364,33005,27196,25793,15728,1982,7103,29870,13095,827584,1199,1428,5147,38631,27952,5678,28436,1561,975,10156,2040,2894,2962,1006,3269,767,916,13298,2247,766,11703,1752,9572,893,6038,26077,779,2381,5115,3265,16851,4961,1794,15213,29070,740,26201,1212,1699,1236,1791,2176,1732,16284,1578,71940,4617,2438,4781,2919,2795,14834,24053,5843,1843,1490,1683,660,1530,1335,19768,3173,543,2472,5827,740,471,2657,1328,3710,2059,445,6418,3124,1165,1394,6656,6520,407,414,638,394,1300,390,1696,1672,15438,725,437,731,884,294,285,256,356,274,2539,387,360,318,1649,2460,384,1859,232,256,251,266,423,510,265,261,265,269,280,893,248,263,258,257,270,274,3738,2182,688,3116,2026,1865,202,289,1166,7177,487,839,2200,192,351,748,385,2155,167,623,160,3234,2557,284,214,216,228,805,169,147,180,153,311,519,351,623,225,185,146,4249,820,224,244,58158090,99.0,114.0,116.0,383885.0,407.0,134729.0,96.0,1002.0,148.0,635.0,77.0,136.0,576935.0,333.0,90.0,83.0,132.0,182.0,59.0,4131785.0,1178496.0,36836.0,124.0,424.0,376.0,828.0,103284.0,94.0,74.0,67.0,53.0,1571.0,1999.0,64.0,1279.0,162.0,105.0,211.0,59.0,49814.0,61.0,1801.0,2625.0,34695.0,942.0,,,,,,,,,,,,,,,,,
0,2022/05/06,7611879,20897553,542887,112706,624900,4669961,63115,36646,32211,163711,95144,64787,1201506,138401,71739,84122,174609,15128,90858,35146,77395,111276,50740,8360,39283,51508,32628,625308,134753,104814,51002,50553,21022,13809,51141,41558,162330,416601,582644,1123982,110534,130786,81027,28737,66122,61114,14430,683259,19084,14275,46732,105227,23120,20476,20384,116346,251089,32905,47281,23946,108547,397370,166811,127984,130504,356267,40200,17408,500948,72388,100297,242342,81828,34225,90743,923,924,928,913,602885,8650,66135,53534,33911,23740,70678,1748259,116777,73472,61942,2642,5831,1849,2605,9832,2164,1766,1749,3024,73536,7257,63130,58545,10093,2513,20279,2521,7906,63036,50177,78146,16111,111151,358589,58669,26131,34908,2123,76815,8120,7797,2321,17407,8923,11004,30278,27677,38057,12547,8972,17211,5595,27551,6322,30801,6378,42872,93540,32037,5800,12057,13535,3208,4097,2662,94585,189889,4783,6257,3176,45844,26365,34593,12752,8409,32563,67410,5646,73663,17043,28408,24691,69086,44584,2182,30876,4611,8908,28161,4139,2716,17415,5484,3201,8249,22792,6988,6692,1293,1161,1309,27356,13896,4849,29024,1325,34671,1370,33464,27322,25879,15843,2001,7173,29959,13192,851469,1210,1458,5172,38852,28518,5743,28988,1578,982,10281,2045,3125,2997,1013,3315,774,924,13511,2265,774,11759,1772,9897,907,6129,26510,784,2511,5173,3324,17027,5024,1816,15359,29181,745,26427,1226,1762,1258,1845,2204,1813,16585,1599,72535,4788,2543,5159,2947,2849,14950,24378,5882,1858,1536,1724,670,1550,1356,20423,3222,550,2497,5913,747,478,2699,1385,3816,2101,455,6750,3230,1315,1484,6853,6615,414,421,654,401,1320,397,1720,1698,15890,739,451,747,923,300,292,263,365,282,2588,395,373,328,1700,2554,397,1912,243,261,258,273,446,522,271,268,270,276,286,934,255,269,264,264,276,281,3917,2271,717,3256,2094,1978,209,302,1213,7831,516,904,2346,199,358,768,435,2207,175,665,167,3321,2617,294,226,224,235,839,175,154,186,160,331,536,365,693,233,192,156,4329,840,237,260,58768581,106.0,121.0,122.0,386476.0,411.0,134901.0,103.0,1087.0,159.0,695.0,86.0,154.0,579768.0,379.0,98.0,91.0,146.0,193.0,65.0,4178284.0,1188002.0,36967.0,139.0,481.0,426.0,910.0,105839.0,102.0,81.0,74.0,61.0,1725.0,2194.0,71.0,1414.0,177.0,113.0,224.0,66.0,50080.0,69.0,2007.0,3042.0,34946.0,1019.0,51.0,64.0,63.0,30.0,,,,,,,,,,,,,
0,2022/05/13,7679149,21182675,546194,113822,631652,4729904,63282,36724,32303,165632,95417,65064,1203931,139590,71922,84445,179053,15189,91111,35291,77601,111998,50859,8389,39369,51661,32782,627701,135451,106500,51201,51018,21107,13898,51295,41658,163045,418618,587688,1128084,111760,131400,81560,28885,66412,61379,14526,688403,19143,14325,46874,105985,23181,20535,20437,117070,251296,32983,47397,24021,109115,406067,168207,129062,131578,362028,40496,17765,504911,72987,101595,244599,82317,34873,92100,923,924,928,913,607863,8681,66720,54074,34115,23880,71408,1771151,117667,74177,63019,2714,5885,1880,2652,9919,2204,1798,1781,3086,74319,7283,63861,59496,10223,2527,20551,2532,8012,63741,50595,78870,16234,111870,362343,58908,26813,35393,2130,77539,8213,7837,2331,17672,9029,11099,30667,27965,38505,12727,9015,17362,5799,27957,6346,30854,6476,43406,94773,32445,5873,12191,13756,3236,4148,2674,96229,191879,4872,6299,3235,46508,26608,34870,12838,8508,32964,68100,5691,74401,17161,28809,24891,69767,45438,2208,31362,4701,8977,28216,4218,2738,17692,5526,3244,8392,23166,7048,6754,1301,1169,1317,27630,13996,4913,29258,1343,34929,1379,33860,27537,26219,15992,2022,7242,30415,13302,882461,1233,1586,5221,39443,28916,5819,29373,1594,990,10423,2061,3300,3029,1026,3370,783,933,13796,2289,782,12059,1814,10255,922,6229,27017,792,2621,5250,3414,17401,5114,1871,15553,29632,753,26911,1241,1847,1275,1872,2235,1911,16988,1624,73966,4944,2591,5575,2981,2914,15228,25019,5967,1874,1582,1784,677,1577,1379,21405,3289,558,2534,6142,755,487,2746,1437,3940,2150,478,7171,3370,1401,1559,7077,6898,422,429,687,409,1344,404,1752,1727,16138,755,467,767,953,308,302,271,376,292,3382,403,398,350,1753,2748,413,2073,251,269,265,280,480,534,278,276,278,284,294,978,263,277,272,272,284,289,4330,2419,749,3479,2189,2118,217,318,1269,8647,550,1012,2534,207,368,796,505,2403,182,713,175,3641,2794,305,244,232,243,871,182,163,194,166,353,547,373,712,242,211,167,4653,912,254,287,59444870,114.0,129.0,131.0,389920.0,415.0,135451.0,110.0,1194.0,188.0,785.0,95.0,183.0,583183.0,437.0,110.0,104.0,165.0,205.0,73.0,4223449.0,1196703.0,37189.0,156.0,539.0,481.0,1021.0,108564.0,110.0,89.0,83.0,69.0,1887.0,2359.0,79.0,1552.0,193.0,121.0,240.0,74.0,50340.0,77.0,2157.0,3736.0,35251.0,1196.0,135.0,185.0,99.0,52.0,44.0,88.0,31.0,35.0,,,,,,,,,
0,2022/05/20,7747093,21475479,549273,114704,638421,4787585,63444,36807,32368,167302,95665,65271,1206376,140666,72067,84854,182102,15231,91413,35411,77770,113598,50971,8420,39443,51730,32945,631355,135963,107801,51349,51497,21185,13962,51500,41753,163683,420639,593208,1131634,113007,131996,82126,29022,66704,61624,14634,695185,19179,14353,47013,106769,23241,20593,20475,117819,251478,33052,47495,24096,109538,412261,169449,129980,132495,366855,40905,18022,507727,73210,102617,247105,82839,35575,93462,923,924,928,913,613583,8714,67199,54282,34312,24036,71914,1796920,118335,74643,64973,2783,5936,1911,2699,10007,2241,1829,1811,3149,75041,7310,64310,59860,10378,2542,20905,2546,8127,64373,50952,79575,16401,112511,365836,59015,27120,35612,2137,78060,8296,7877,2342,17840,9123,11199,30918,28140,38961,12792,9054,17495,5897,28290,6375,30878,6578,44030,95738,32835,5934,12298,13968,3267,4207,2688,98512,193271,4957,6339,3258,47010,26865,35140,12917,8583,33286,68689,5736,75342,17298,29189,25053,70603,46102,2229,31794,4757,9050,28254,4293,2762,17852,5563,3303,8490,23486,7089,6815,1309,1178,1325,27876,14101,4976,29481,1360,35189,1388,34268,27725,26466,16101,2030,7320,30715,13419,914399,1242,1699,5265,39671,29616,5909,30055,1608,999,10571,2106,3412,3050,1037,3419,795,945,14124,2312,790,12250,1843,10635,939,6348,27437,800,2686,5319,3491,17874,5200,1912,15747,30011,762,27562,1260,1918,1305,1903,2269,2023,17295,1651,75200,5102,2647,5917,3017,2985,15462,25441,5998,1887,1613,1826,686,1598,1406,22103,3364,566,2564,6326,777,495,2797,1481,4058,2204,490,7534,3511,1493,1649,7396,7079,430,438,712,417,1365,413,1782,1756,16391,772,487,783,989,317,313,279,386,299,3665,412,420,370,1827,2889,429,2223,259,276,272,288,513,548,285,283,286,292,301,1028,271,285,280,279,292,297,4513,2494,788,3691,2295,2247,273,336,1318,9235,573,1101,2710,217,405,821,573,2559,188,755,182,3754,2867,315,257,242,251,913,192,172,206,176,371,557,383,743,251,221,181,4961,961,271,310,60125376,121.0,141.0,140.0,392891.0,416.0,135761.0,118.0,1357.0,225.0,849.0,104.0,206.0,587444.0,490.0,121.0,113.0,180.0,224.0,79.0,4274351.0,1203731.0,37387.0,176.0,593.0,518.0,1108.0,112111.0,119.0,99.0,93.0,78.0,2060.0,2555.0,89.0,1687.0,210.0,130.0,289.0,84.0,50674.0,86.0,2337.0,4396.0,35554.0,1384.0,162.0,360.0,120.0,61.0,54.0,113.0,87.0,87.0,40.0,,,,,,,,
0,2022/05/27,7815505,21773503,552548,115645,645043,4860250,63725,36903,32487,169085,95943,65499,1209473,141827,72306,85203,187020,15317,91698,35555,77949,115102,51113,8451,39581,51937,33081,634458,136956,109061,51540,51973,21279,14060,51674,41906,164411,446974,599098,1137044,114704,132858,82660,29166,67000,61914,14764,702475,19258,14421,47196,107590,23316,20666,20552,118696,251736,33151,47675,24193,110001,418589,170608,130872,133395,373084,41252,18325,509763,73888,104079,249408,83377,36415,94935,923,924,928,913,620935,8753,67817,54901,34571,24221,72778,1824597,119444,75531,66531,2856,5991,1943,2747,10095,2281,1861,1843,3213,75816,7339,65225,61001,10715,2557,21304,2559,8277,65160,51453,80372,16549,113681,371738,59420,27919,36175,2147,78941,8374,7916,2354,18220,9210,11325,31451,28451,39581,13005,9104,17686,5974,28680,6397,30990,6666,44716,97132,33548,5987,12396,14207,3302,4258,2706,100658,195655,5039,6390,3294,47642,27162,35553,13007,8653,33867,69493,5774,76601,17391,29774,25229,71336,46862,2256,32362,4814,9149,28360,4373,2793,18156,5608,3342,8642,23821,7144,7162,1317,1189,1332,36172,14215,5087,29817,1376,35542,1414,34775,27962,26897,16282,2042,7409,31251,13519,948954,1254,1779,5310,40417,30367,5999,30767,1627,1007,10712,2162,3546,3094,1045,3474,805,953,14449,2333,800,12558,1875,11062,953,6482,28024,808,2751,5410,3556,18264,5274,1954,16011,30527,770,28052,1280,1990,1341,1953,2300,2121,17666,1676,77029,5227,2723,6246,3065,3049,15887,26028,6103,1905,1646,1859,697,1628,1437,23140,3428,577,2607,6665,785,505,2844,1519,4173,2252,518,8000,3716,1615,1784,7966,7691,437,445,727,424,1389,420,1813,1788,16952,787,503,804,1057,326,322,287,396,309,4108,422,436,382,1893,3156,447,2421,268,283,280,296,545,557,293,291,294,300,309,1076,279,293,288,287,300,304,4997,2691,828,4002,2490,2381,295,350,1388,10069,590,1168,2905,225,456,854,639,2767,198,808,193,4735,3078,328,277,252,263,1075,201,184,216,184,399,570,393,794,262,230,191,5336,1240,286,343,60906361,130.0,150.0,150.0,396714.0,421.0,136477.0,129.0,1522.0,288.0,976.0,114.0,223.0,592275.0,544.0,131.0,122.0,197.0,234.0,89.0,4329229.0,1210578.0,37599.0,191.0,640.0,557.0,1221.0,115598.0,128.0,106.0,101.0,88.0,2303.0,2827.0,97.0,1826.0,227.0,141.0,346.0,92.0,50947.0,96.0,3181.0,10389.0,35848.0,1659.0,228.0,440.0,140.0,71.0,64.0,135.0,148.0,120.0,202.0,79.0,36.0,45.0,44.0,51.0,,,
0,2022/06/03,7881248,22049178,556349,116378,652071,4918772,63977,36980,32578,170697,96223,65740,1211924,142920,72506,85640,192431,15404,92018,35747,78176,116115,51265,8494,39670,52081,33272,637345,137629,110259,51731,52876,21385,14197,51876,42025,165183,449324,607082,1141575,116638,133336,83293,29338,67311,62206,14913,710717,19314,14471,47392,108260,23407,20759,20609,119529,251977,33264,47804,24299,110801,424866,171922,131937,134468,380860,41573,18712,512626,74779,105837,252698,84447,37927,97559,923,924,928,913,627898,8812,68923,55334,35055,24396,73440,1851936,120828,76532,68121,2996,6104,2007,2843,10264,2361,1921,1908,3332,76697,7387,65896,61872,11069,2579,21581,2585,8545,66384,51874,81571,16823,114307,376609,59665,28591,36573,2162,80061,8522,7984,2369,18540,9378,11484,31848,28933,40092,13161,9176,17946,6025,29165,6450,31081,6845,45332,98608,34983,6077,12581,14615,3340,4340,2730,102746,197930,5181,6477,3325,48254,27604,35877,13157,8762,34274,70547,5903,78878,17530,30243,25379,72250,47809,2301,32867,4916,9319,28471,4464,2827,18419,5674,3418,8858,24173,7240,7275,1336,1204,1350,36865,14350,5307,30291,1441,36101,1430,35614,28272,27228,16523,2062,7545,31651,13759,981072,1275,1909,5393,41010,31098,6164,31354,1654,1022,11144,2228,3747,3156,1062,3577,820,969,15107,2383,814,12812,1929,11817,983,6670,28892,825,2868,5548,3695,18742,5411,2017,16233,30997,788,28675,1310,2098,1380,2051,2367,2320,18058,1724,78917,5503,2822,6644,3152,3177,16142,26574,6252,1931,1691,1919,711,1680,1485,24281,3546,594,2646,6907,801,524,2944,1617,4400,2348,548,8509,3891,1754,1971,8451,8089,452,461,760,438,1434,436,1875,1853,17922,819,535,838,1162,343,339,303,415,329,4474,439,461,405,1998,3352,479,2615,287,299,296,310,609,577,309,307,310,315,326,1171,296,309,301,303,317,321,5403,2861,892,4216,2647,2645,332,382,1490,11097,630,1287,3198,244,487,903,734,2988,214,881,209,5256,3305,345,310,268,280,1261,220,197,233,202,434,590,410,840,277,246,208,5798,1408,321,385,61622419,144.0,170.0,168.0,401268.0,422.0,136992.0,145.0,1791.0,415.0,1121.0,130.0,258.0,595685.0,613.0,147.0,137.0,226.0,258.0,105.0,4383426.0,1217096.0,37908.0,225.0,753.0,620.0,1349.0,118798.0,144.0,123.0,116.0,102.0,2525.0,3054.0,113.0,1978.0,259.0,158.0,393.0,107.0,51253.0,114.0,3987.0,10978.0,36207.0,1832.0,303.0,572.0,180.0,126.0,81.0,173.0,217.0,162.0,265.0,145.0,66.0,76.0,78.0,85.0,52.0,,
